{
  "operations": {
    "decode": {
      "comparisons": {
        "compact": {
          "independent_median_ratio_percent": 1.5919927938677025,
          "paired_ratio_percent": {
            "mad": 0.03286328501270752,
            "median": 1.7944239281068919,
            "median_without_outliers": 1.8108555706132456,
            "three_mad_outlier_rounds": [
              2
            ],
            "values": [
              1.7944239281068919,
              0.8984872585265258,
              1.8272872131195994
            ]
          },
          "per_image_ratio_percentiles": {
            "p0": -1.4472508372546544,
            "p10": 0.05656367700646037,
            "p100": 4.885693555834059,
            "p50": 2.064381865421394,
            "p90": 3.873245418805915
          },
          "worst_image": {
            "image": "clic-validation-025",
            "ratio_percent": 4.885693555834059
          }
        },
        "low-latency": {
          "independent_median_ratio_percent": 0.7175699762846266,
          "paired_ratio_percent": {
            "mad": 0.23596333674753556,
            "median": 0.2659969200175194,
            "median_without_outliers": 0.14801525164375162,
            "three_mad_outlier_rounds": [
              3
            ],
            "values": [
              0.2659969200175194,
              0.030033583269983843,
              1.936683013883922
            ]
          },
          "per_image_ratio_percentiles": {
            "p0": -2.5316725392942385,
            "p10": -1.2288493533800793,
            "p100": 6.190093001780883,
            "p50": 1.1681896285785198,
            "p90": 3.0732807968678832
          },
          "worst_image": {
            "image": "clic-validation-025",
            "ratio_percent": 6.190093001780883
          }
        }
      },
      "layouts": {
        "compact": {
          "aggregate_wall_ns": {
            "mad": 3381375,
            "median": 1696975250,
            "median_without_outliers": 1696975250,
            "three_mad_outlier_rounds": [],
            "values": [
              1700356625,
              1696975250,
              1689779791
            ]
          },
          "cpu_ns": {
            "mad": 3234000,
            "median": 1730089000,
            "median_without_outliers": 1730089000,
            "three_mad_outlier_rounds": [],
            "values": [
              1733323000,
              1730089000,
              1722651000
            ]
          },
          "max_rss_bytes": {
            "mad": 16384,
            "median": 318390272,
            "median_without_outliers": 318390272,
            "three_mad_outlier_rounds": [],
            "values": [
              318373888,
              318439424,
              318390272
            ]
          },
          "process_wall_ns": {
            "mad": 3026499,
            "median": 1739416459,
            "median_without_outliers": 1739416459,
            "three_mad_outlier_rounds": [],
            "values": [
              1742442958,
              1739416459,
              1731899542
            ]
          }
        },
        "low-latency": {
          "aggregate_wall_ns": {
            "mad": 7542999,
            "median": 1682369041,
            "median_without_outliers": 1682369041,
            "three_mad_outlier_rounds": [],
            "values": [
              1674826042,
              1682369041,
              1691595167
            ]
          },
          "cpu_ns": {
            "mad": 5822000,
            "median": 1717753000,
            "median_without_outliers": 1717753000,
            "three_mad_outlier_rounds": [],
            "values": [
              1711931000,
              1717753000,
              1726318000
            ]
          },
          "max_rss_bytes": {
            "mad": 16384,
            "median": 321257472,
            "median_without_outliers": 321249280.0,
            "three_mad_outlier_rounds": [
              2
            ],
            "values": [
              321241088,
              321323008,
              321257472
            ]
          },
          "process_wall_ns": {
            "mad": 7306417,
            "median": 1725203625,
            "median_without_outliers": 1725203625,
            "three_mad_outlier_rounds": [],
            "values": [
              1717897208,
              1725203625,
              1734020917
            ]
          }
        },
        "single": {
          "aggregate_wall_ns": {
            "mad": 10926125,
            "median": 1670382875,
            "median_without_outliers": 1670382875,
            "three_mad_outlier_rounds": [],
            "values": [
              1670382875,
              1681863917,
              1659456750
            ]
          },
          "cpu_ns": {
            "mad": 347000,
            "median": 1707578000,
            "median_without_outliers": 1707751500.0,
            "three_mad_outlier_rounds": [
              3
            ],
            "values": [
              1707578000,
              1707925000,
              1699110000
            ]
          },
          "max_rss_bytes": {
            "mad": 0,
            "median": 345964544,
            "median_without_outliers": 345964544,
            "three_mad_outlier_rounds": [],
            "values": [
              345964544,
              345964544,
              345964544
            ]
          },
          "process_wall_ns": {
            "mad": 10535167,
            "median": 1715801417,
            "median_without_outliers": 1715801417,
            "three_mad_outlier_rounds": [],
            "values": [
              1715801417,
              1726708750,
              1705266250
            ]
          }
        }
      }
    }
  },
  "run": {
    "binary": "/Users/lance/.codex/worktrees/070b/webp/webp-rs/target/release/deps/webp-c98418ff6eb0ddf3",
    "binary_bytes": 1448240,
    "binary_sha256": "cd20e1a6e0d43882672fd9530078a84f192558592286e4a627b9afec8bd892f3",
    "checksum": "full output bytes (encode) or full RGBA bytes (decode)",
    "completed_unix_ns": 1784693764993202000,
    "formal": false,
    "generated": "/private/tmp/vp8l-product-screen-generated-070b",
    "input": "/private/tmp/vp8l-product-screen-input-070b",
    "layouts": [
      "single",
      "compact",
      "low-latency"
    ],
    "lock": "/private/tmp/webp-vp8l-product-benchmark.lock",
    "lock_pid": 41340,
    "operations": [
      "decode"
    ],
    "order": "forward on odd rounds, reverse on even rounds",
    "preloaded": true,
    "rounds": 3,
    "started_unix_ns": 1784693744165987000
  }
}
