{
  "operations": {
    "decode": {
      "comparisons": {
        "compact": {
          "independent_median_ratio_percent": 2.0510339537508138,
          "paired_ratio_percent": {
            "mad": 1.0256129640590528,
            "median": 1.5063988868479372,
            "median_without_outliers": 1.5063988868479372,
            "three_mad_outlier_rounds": [
              1,
              5
            ],
            "values": [
              4.805051224745127,
              0.9085076455590757,
              1.5063988868479372,
              2.53201185090699,
              -4.665250147168787
            ]
          },
          "per_image_ratio_percentiles": {
            "p0": -2.644525388243313,
            "p10": 0.22377040761332403,
            "p100": 6.3767645818295415,
            "p50": 1.6128842216022399,
            "p90": 3.458412658506678
          },
          "worst_image": {
            "image": "clic-validation-096",
            "ratio_percent": 6.3767645818295415
          }
        },
        "low-latency": {
          "independent_median_ratio_percent": 1.4736093747879542,
          "paired_ratio_percent": {
            "mad": 0.9722531798777245,
            "median": 1.0012414679321457,
            "median_without_outliers": 1.461034320539556,
            "three_mad_outlier_rounds": [
              5
            ],
            "values": [
              2.0864191332349957,
              0.02898828805442122,
              1.9208271731469662,
              1.0012414679321457,
              -5.0378116726809585
            ]
          },
          "per_image_ratio_percentiles": {
            "p0": -3.278075208612685,
            "p10": -0.7843558133972683,
            "p100": 4.114111721854896,
            "p50": 0.8846208197825445,
            "p90": 2.2076301558594524
          },
          "worst_image": {
            "image": "clic-validation-091",
            "ratio_percent": 4.114111721854896
          }
        }
      },
      "layouts": {
        "compact": {
          "aggregate_wall_ns": {
            "mad": 11835876,
            "median": 4023176791,
            "median_without_outliers": 4019642166.5,
            "three_mad_outlier_rounds": [
              1
            ],
            "values": [
              4109042167,
              4023176791,
              4001705542,
              4035012667,
              4016107542
            ]
          },
          "cpu_ns": {
            "mad": 11164000,
            "median": 4105834000,
            "median_without_outliers": 4105834000,
            "three_mad_outlier_rounds": [],
            "values": [
              4127398000,
              4105834000,
              4083547000,
              4112802000,
              4094670000
            ]
          },
          "max_rss_bytes": {
            "mad": 49152,
            "median": 694108160,
            "median_without_outliers": 694108160,
            "three_mad_outlier_rounds": [
              2,
              5
            ],
            "values": [
              694108160,
              694616064,
              694108160,
              694059008,
              694616064
            ]
          },
          "process_wall_ns": {
            "mad": 12509667,
            "median": 4118656375,
            "median_without_outliers": 4115206479.0,
            "three_mad_outlier_rounds": [
              1
            ],
            "values": [
              4219112041,
              4118656375,
              4096508750,
              4131166042,
              4111756583
            ]
          }
        },
        "low-latency": {
          "aggregate_wall_ns": {
            "mad": 12302125,
            "median": 4000412875,
            "median_without_outliers": 4000412875,
            "three_mad_outlier_rounds": [],
            "values": [
              4002454042,
              3988110750,
              4018043625,
              3974771209,
              4000412875
            ]
          },
          "cpu_ns": {
            "mad": 10762000,
            "median": 4078200000,
            "median_without_outliers": 4078200000,
            "three_mad_outlier_rounds": [],
            "values": [
              4088962000,
              4067754000,
              4095366000,
              4058430999,
              4078200000
            ]
          },
          "max_rss_bytes": {
            "mad": 229376,
            "median": 701202432,
            "median_without_outliers": 701202432,
            "three_mad_outlier_rounds": [],
            "values": [
              701284352,
              701693952,
              700973056,
              700923904,
              701202432
            ]
          },
          "process_wall_ns": {
            "mad": 17332250,
            "median": 4098251125,
            "median_without_outliers": 4098251125,
            "three_mad_outlier_rounds": [],
            "values": [
              4117456958,
              4084228375,
              4115583375,
              4071491208,
              4098251125
            ]
          }
        },
        "single": {
          "aggregate_wall_ns": {
            "mad": 21665708,
            "median": 3942318500,
            "median_without_outliers": 3938843583.0,
            "three_mad_outlier_rounds": [
              5
            ],
            "values": [
              3920652792,
              3986955000,
              3942318500,
              3935368666,
              4212637625
            ]
          },
          "cpu_ns": {
            "mad": 21330000,
            "median": 4032580000,
            "median_without_outliers": 4029232500.0,
            "three_mad_outlier_rounds": [
              5
            ],
            "values": [
              4011250000,
              4062767999,
              4032580000,
              4025885000,
              4164847999
            ]
          },
          "max_rss_bytes": {
            "mad": 32768,
            "median": 756072448,
            "median_without_outliers": 756039680,
            "three_mad_outlier_rounds": [
              2,
              3
            ],
            "values": [
              756039680,
              756809728,
              756826112,
              756039680,
              756072448
            ]
          },
          "process_wall_ns": {
            "mad": 8271875,
            "median": 4045684875,
            "median_without_outliers": 4038459542,
            "three_mad_outlier_rounds": [
              2,
              5
            ],
            "values": [
              4038459542,
              4091191458,
              4045684875,
              4037413000,
              4313467459
            ]
          }
        }
      }
    },
    "encode": {
      "comparisons": {
        "compact": {
          "independent_median_ratio_percent": 128.11199076860223,
          "paired_ratio_percent": {
            "mad": 0.5880919271850473,
            "median": 127.64020972203744,
            "median_without_outliers": 127.64020972203744,
            "three_mad_outlier_rounds": [],
            "values": [
              126.81952736449782,
              127.2345015304563,
              127.64020972203744,
              128.2283016492225,
              128.52793745373233
            ]
          },
          "per_image_ratio_percentiles": {
            "p0": 126.34810729887312,
            "p10": 138.06737965544505,
            "p100": 167.3438450090203,
            "p50": 147.21253774645797,
            "p90": 157.1685032814211
          },
          "worst_image": {
            "image": "clic-validation-056",
            "ratio_percent": 167.3438450090203
          }
        },
        "low-latency": {
          "independent_median_ratio_percent": 121.65362507566648,
          "paired_ratio_percent": {
            "mad": 0.8215656125166504,
            "median": 121.27660605912203,
            "median_without_outliers": 120.8658232528637,