{
  "binary_sha256": "bd58ddf41960c6bc3d5c5eed1fc6ea4856a0bb684c37cf5d77c328396e4a4ac7",
  "manifest_rows": 102,
  "planner_writer_exact_rows": 204,
  "selector_exact_rows": 204,
  "gate": "pass-enter-screen",
  "compact": {
    "ordered_bytes": 617958802,
    "e_bytes": 620712252,
    "b_bytes": 620360862,
    "min_eb_bytes": 617342156,
    "min_eb_delta_pct": -0.09978755832982245,
    "min_eb_wins": {"E": 52, "B": 50},
    "min_eb_over_2_pct": 11,
    "min_eb_worst_pct": 3.6018817586672247,
    "refined_bytes": 599398064,
    "final_bytes": 599398064,
    "final_delta_pct": -3.0035558907695603,
    "final_over_2_pct": 0,
    "final_worst_pct": 1.4905309333190786,
    "final_kinds": {"R": 101, "B": 1},
    "timings_ns": {
      "counter_initialization": 494207,
      "counter_update": 618470836,
      "e_proposal": 44935047,
      "b_proposal": 14896661,
      "e_cost": 51300459,
      "b_cost": 45405963,
      "reassignment": 138875293,
      "rebuild_compaction": 10677954,
      "refined_cost": 48561203,
      "final_selection": 3668
    },
    "counter_updates": 973053692,
    "merge_updates": 4236492,
    "max_measured_accounted_bytes": 993560,
    "maximum_dimension_counter_bytes": 34373632
  },
  "low_latency": {
    "ordered_bytes": 625321072,
    "e_bytes": 627958884,
    "b_bytes": 627938112,
    "min_eb_bytes": 625012718,
    "min_eb_delta_pct": -0.04931130803152994,
    "min_eb_wins": {"E": 53, "B": 49},
    "min_eb_over_2_pct": 9,
    "min_eb_worst_pct": 7.5025322605071665,
    "refined_bytes": 617047520,
    "final_bytes": 617047520,
    "final_delta_pct": -1.323088629260205,
    "final_over_2_pct": 3,
    "final_over_2_ids": [
      "clic-validation-008",
      "clic-validation-066",
      "clic-validation-074"
    ],
    "final_worst_pct": 7.007526959969623,
    "final_kinds": {"R": 91, "E": 7, "B": 4},
    "timings_ns": {
      "counter_initialization": 298921,
      "counter_update": 611267374,
      "e_proposal": 12637580,
      "b_proposal": 5487208,
      "e_cost": 29409166,
      "b_cost": 26277630,
      "reassignment": 35815709,
      "rebuild_compaction": 3100999,
      "refined_cost": 28130460,
      "final_selection": 6708
    },
    "counter_updates": 973053692,
    "merge_updates": 1456945,
    "max_measured_accounted_bytes": 413904,
    "maximum_dimension_counter_bytes": 17186816
  }
}
